[外:FCDB30A244FB6AAD5255EE2D32FDF7FC]	一
[外:559FC240F4EFE5A1E64714CE09217A3E]	一
[外:D5F99403FA97B5C8B270D61D4BEF3E51]	一
[外:7A18F98C2B901D5BC609A9076102D2C0]	一
[外:D50802FC331261FEED1A140F3B70C4B3]	口
[外:914FA35485D5016ADC8B799B0CB5E978]	口
[外:E1CE03321FDB4EACA026A49A43E521A5]	元
[外:C01D2BAFCE469DA1ABBB612FDB16C1E3]	元
[外:E1D7B1C821B9A2B168EDA37CE69B0E03]	元
[外:0CFA6C95283A90EFF3733DB1AC80F58A]	元
[外:265EFC2A174C73EA229F9FFEFA703F32]	高
[外:84EBFD8F786E0D3E96FE81753D15C262]	高
[外:5A7AF09CCE6B3005355E1C6C82DF8858]	高
[外:00B059714E72C255F507A841F8AA3C7B]	高
[外:976C7F8DBA1BCEAA24152A3FA84CCED4]	高
[外:08C5EB5FAC4F1D362B946689EB2E4EDF]	吉
[外:DB93EC80530879CC41479CEA0DB9C60A]	吉
[外:A0A037D6E060564D9607217068CA3C90]	吉
[外:E96A39A050B694E5F8AADB111420B698]	吉
[外:1D7D1092915368BE0676FDFD3CA6B3CD]	吉
[外:20CEE0565243800A66D32E75D89C232A]	旧
[外:1D2EAFA6BE36DC6152CB1917CD2AC486]	氏
[外:C8D8E25AA45DC7CA55A17E76DF54E321]	英
[外:CD2EADBB87D0AADF1D1CD71FED0AB02F]	徳
[外:A9EE52EAA5B4CC32D1891D540BFE93CC]	塚
[外:E9A3B055BDA7B9AE70BDE4003A4C5885]	崎
[外:3AFA5A6313E622F04DDBEFD41E5EF635]	詡
[外:93E95C1F8719C416E165DAAC79B82EFF]	詡
[外:DA3AB2D5DA4D69C7D312C7D819E45856]	彅
[外:E8CAA78518E2D690AF54E2206C9538F8]	彅
[外:F4B24B3FA4D2EACDFB693185EC8D0A39]	鄧
[外:5D023B58CE0BB6F15C4B41D6E6A61FF9]	吴
[外:23E6EF0ECC7BBE8E9465B0B40E901C0D]	厓
[外:5426E75DDE1945F90FD30943B63BCDAB]	芾
[外:C09DD3D9160DC4BE23499DF2275111A1]	鷗
[外:D8BBD8C7FF5178FB20C681BDE1DED872]	迦
[外:8EFC3EA68C47D84DEDB436AB7FE32863]	揄
[外:04F6B8B8407EB8DC383AB70CFA9686BD]	箪
[外:93A7E75578C3306D84F11508F5988B15]	誨
[外:D4C52086FFA2CAEBDC6F70224DE4A02C]	㐂
[外:E7158075F2976C353E4CF9247AAE3ABC]	遁
[外:574D59DF587475DCD9F655B0A8CB928A]	摠
[外:C1F701C7F213F24D3D57246505133682]	隙
[外:794063F0D4A0FD2F277B1208511D8ED4]	殛
[外:1BB7F91D4AA867F9DFFD665BB099BD50]	昂
[外:75848150D93621544105C8D40F6BBAB4]	蜾
[外:550BF954A97F97F5FE4CF76F41A126F1]	鏢
[外:FD6C80130CD144B31FF12E44B63B11E8]	蠃
[外:5F2D1872B40E92B6C75ECC226ACAADC0]	衞
[外:9AB85434C63B51AF09105280B1F4E123]	元
[外:DB7A10E4B4285EDBAE87717F9F85E669]	葛
[外:EC3FD045487847E2852465FA340203BA]	翔
[外:281FC5F4077EA6427747561BC6C60EFA]	葛
[外:D90AAE9A752E9B61662A9CAFA837961F]	祓
[外:4185F93A5571E49433CA9C13AE588F96]	魎
[外:6B696A5AE7634C454AAA7DD833FDFAF9]	眷
[外:9AB74D6E8BDA8723614017A7FCE587FE]	魎
[外:1CACC12D49338118D2E1CCB28C8A3845]	辻
[外:117BACAEB67E3508D23A650B98F3C143]	辻
[外:00C27CCF8F1D5DFCFB86D92BEBBC971E]	﨑
[外:9DE59DBB284E84D905F4977F930C000C]	靈
[外:7C795313C774D59B30743F0E620C7C15]	氏
[外:5E413F02B285B6DAD5302D3542915DBE]	同
[外:A57D3F7684C28D2A901FE6020145DE32]	彅
[外:D6BC0D9A7956D530DF6663383A0EC747]	魎
[外:835D78967C04D0F60F02EAFD9D328EF3]	前
[外:F6AB340C8684E368BE8D525406037ED3]	唼
[外:5437443D28D8CEB3C2D29824E1874C07]	闐
[外:9885C9B4FF7480A876602DF928915D51]	蔾
[外:B6FDC864F64D407650A3859E1872EFF0]	蔾
[外:2B385C2642704E44347F2F4DB147C8FA]	葛
[外:E4A837FE20DFA091E03AFE4857E2482E]	剥
[外:78D17E6F591166FCE48A225DE0FB4165]	膅
[外:4AD978C71F81F9B3F269430A4BF3A284]	逢
[外:F022CFE594D6F6930D7A5B994E1A0B71]	凜
[外:0FFB731DB8D4A6B711F97BBB08ED8819]	蜻
[外:32324012ED7274A15002B66ED1E464F8]	蜻
[外:A57A22CF136481D05D9F9BF2C7D5D71E]	驒
[外:ACE27CD455560BF4A630BF08B42EDEB8]	槌
[外:68076F26615A8F170417C135BA6D62A1]	顚
[外:AC06B16C38521E56889095A90814808E]	蓮
[外:3234FE7D22FAD5175988D968D0289B7B]	櫛
[外:14570E668968A6BB47AAEC60CBA09399]	祇
[外:4C84BD1AF930BE3E0FDC14944B01867D]	祇
[外:243BEED1935E8DE5AF81330DB04280EF]	祀
[外:4D7D276F23C92F94056B292E295EBD78]	神
[外:79D155BD22F29EF23A94226F60345D88]	蝋
[外:918E84ED41C2157AA5F5BBF9AA60514C]	填
[外:86622C51D2512C588011510FB9FF8D97]	楢
[外:A00182F1DE36AAEE28CAC80A3C89D067]	塚
[外:3E14110047AE00BF01218A7AB9B9F1DA]	迦
[外:41637D181CD99088E2120A4EC6FC18AA]	嬴
[外:F4E1D8B42E3C49EA7C896049186D74BD]	蟜
[外:1EB786FCD56A3E4F7813FFEBEDB3AB0C]	涜
[外:A1779A3AAF215916FD0D8FBBB5BF5925]	蝉
[外:CB17DF533B4EBD698A038DEFEDDECF8A]	崎
[外:F5C6E02E235ABD23A87F48ED6A64CDCC]	﨑
[外:90FA5A71875E1E0D52A623465A7043AB]	﨑
[外:D67AB79FC2F81D7FABF69485FA768574]	桒
[外:38EA1E16D5CE076FF033A8BE30209A0C]	尹
[外:47F108FE4AF14204C39F426BE462826E]	尹
[外:419C298CF378EDD0F3636E9CDD6EABFF]	英
[外:74661E7235E62C7D71C046C51853D14D]	徳
[外:B6308282489AE2D3199CC88000A25BBF]	葛
[外:ACA7073DE23E93148CB06174DFE4536A]	髙
[外:C9ECCF76441032AC382767F502507863]	升
[外:A83E7E1775160366332467846FF0E566]	噌
[外:4C9A081223EB20832CEB919A1CB8D168]	丸秘
[外:4B9C2DA783FB28CE5B186DCDBBADCFC4]	彅
[外:43856FD7C04A779E571FE24C47F02A6C]	髙
[外:75B46E77164F440355DE731760E0864C]	鯖
[外:4D7AE77F2BBF9C8AF03D49D466F74058]	煖
[外:E969831BB40030418FF7C538A7B26B3F]	惠
[外:F18DDDD7977D057F2560AB0EE74B07C4]	瀆
[外:9324C170A2A3DBAFA929EF4202D97D9B]	ｲ
[外:9D21BE5957DFEDE0829C8F3E14BDA386]	ﾍﾞ
[外:5C656052D676AA686E0BE03D0210B36C]	ﾑ
[外:E2C43B3DBAACEC15D4121D85A34EBB94]	ｼ
[外:98AB18764756C8CA7608E17F562B21CE]	ﾍﾍ
[外:14B18199BBC3F4BF65B72E316BC41D3C]	！
[外:7F12B67CAAF7C8C5075B444BB2A16C70]	！
[外:7641D414614B31FAB027C88414E17DFD]	！
[外:C7838822EC535AAAF4B91FA2B480372E]	！
[外:B7EEF1A9DA190618ED8D787EDA003E75]	！
[外:E548D239A91E5358789B461D9EEC718B]	！！
[外:1F271CBAEF257B0AFD9D70DD85F57031]	！！
[外:FAE908A9F08EA19E0B42C37DB6294408]	！！
[外:737A19289D25D963E255F3692DED6536]	？！
[外:1D236D3EF5FA302F6861E5CC93BC7894]	？！
[外:6CE68B7E389C5169309EE956ED0C98A8]	？！
[外:E3FFD0D445BCF105F3FFE2577CE8B6F9]	？！
[外:3037AAD230D8CDAE3DF6E0EBEDC0DB79]	！？
[外:40A1BF50A2F070B03F8AEA731B9AA6BC]	！？
[外:12A94BDBCF0BA84461075AC200AAA3A9]	！？
[外:BD42682455D7919AF20522D032ADC49F]	．．．
[外:20AC42FCD0781F92B10E2F6679FB8EE8]	．．．
[外:F12276A98FF852397BF2A4857EC406FB]	．．．
[外:4A61F6F7DA9E6C8E373F4112CBD453CF]	~
[外:882DED8F0BB4CDFA4CE28A0B64056D2A]	~
[外:7726FFBF3A6E953AFFE6353C24FFB085]	~
[外:725576CD7AC022E60A7CA92B5FF38414]	~
[外:BFD55F4031AD80CB7401D65937B1D5D9]	~
[外:2C5B6BD7ABB97CC63993B5CCC78E81B3]	~
[外:0E3A79EBF718E03B19CFA851BC4EECDF]	A
[外:3439EDD634EE82C577FE22DC90A4376F]	L
[外:874D052AFE768E004E79A8521EF142F8]	L
[外:82DFC560F35E3E4AFB2E2C2CB58A0C71]	L
[外:8379A5065A289501F90E823ACA83B296]	X
[外:92094B227D1921BC40F3D75C78DB6E52]	ö
[外:3A1F7EF64F73DF8C55381DBECC46F20E]	Ø
[外:C0BD423EBBBA7A79F314B6F9E5CE7A20]	㎡
[外:9D1A36A1BEC1CD2B0B0765F93C1E4F3C]	ｋ㎡
[外:22AF1D925CF5C6814452EEC25FABEFF6]	１
[外:31AAAD4EB3F04D15AE6D0CDC2F2CAC6D]	２
[外:46AD0070C34DD9CB6ABF664DDE299F5A]	２
[外:3B9D3745FF68875EEEA7497DDF7D1834]	３
[外:F4AD01ADA3F037E9A0947B73596DA705]	１／２
[外:51F5FE58AAF460263B766E990FDBE979]	１／５
[外:3C2CD2093BCF8C379A54CB2FD35CD332]	１／８
[外:9D81F46E134081D56BC92F69EEBFABD9]	１／１０
[外:A596D307F72A403C5B84BEB12F11BF2D]	１／１６
[外:0D7AE8B6F2F7230C7C80044F54A15A63]	１／１６
[外:F00BE20CAF0AAEF3A6FBEC90A0E71852]	Ⅰ
[外:9472B3369ADFC90D895CB65EAB44A2E5]	Ⅰ
[外:E660E1E23A6DDC9A5D2E0E1EF7AC5B86]	Ⅱ
[外:0E761EBB18B9870383725B3712F5C8D4]	Ⅱ
[外:A62583F621FB5405ADD08E8F0BEB6DB4]	Ⅱ
[外:925B6E6F86991F91E8D394236206497C]	Ⅱ
[外:5C13FACF2DA9F38922A9419061771ED0]	Ⅱ
[外:B0B76EBB65415E054294E57C3D14BED7]	Ⅱ
[外:F1ADD7809E18E064E4609783211C9815]	Ⅲ
[外:7395082B43A4AE6E6F8B351C71FA9B56]	Ⅲ
[外:C117DEE28C3A70DD6FC1C5B8C7301559]	Ⅳ
[外:7E4CC3771BCDBD60620891B5631D485A]	Ⅳ
[外:8777DE102D7BC309673AEE945A83FD65]	♥