on	(\d{2}):(\d{2}):(\d{2}).(\d{3}) --> (\d{2}):(\d{2}):(\d{2}).(\d{3}) (.*)$	$1:$2:$3,$4 --> $5:$6:$7,$8	vtt to srt
on	^WEBVTT[\s\S]*?/SegmentIndex		
on	^WEBVTT$		
on	<c\.[^>]*>|</c\.[^>]*>		
on	&lrm;|\u200E|&gt;		
on	&nbsp;	 	
on	(\d+)\n(\d{2}):(\d{2}):(\d{2}),(\d{3}) --> (\d{2}):(\d{2}):(\d{2}),(\d{3})\n(.*)\n(.*)	Dialogue: 0,$2:$3:$4.$5,$6:$7:$8.$9,Default,,0000,0000,0000,,$10 $11	srt to ass
on	(\d{2}):(\d{2}):(\d{2}),(\d{3}) --> (\d{2}):(\d{2}):(\d{2}),(\d{3})\n(.*)\n(.*)	Dialogue: 0,$1:$2:$3.$4,$5:$6:$7.$8,Default,,0000,0000,0000,,$9 $10	
on	^\[Script Info\][\s\S]*?Format: Layer, Start, End, Style, Name, MarginL, MarginR, MarginV, Effect, Text\n		删除ass文件头
on	^Dialogue: 0,.*Rubi,.*,.*\\N		删除Rubi行
on	(Dialogue: 0,[0-9].+\..+,[0-9].+\..+,.+0,,)(?! )	\1  	正文前增加一个空格
on	(Dialogue: 0,[0-9].+\..+,[0-9].+\..+,.+0,,)(.+)\\N\n\1(.+\\N)	\1\2 \3 	合并时间相同行
on	\{.+?\}		删除特效标签
on	　|、	 	排除其他空格
on	\?	？	排除特殊/半角标点
on	!	！	
on	｡	。	
on	･	・	
on	ｳﾞ	ヴ	处理半角片假名
on	ｶﾞ	ガ	
on	ｷﾞ	ギ	
on	ｸﾞ	グ	
on	ｹﾞ	ゲ	
on	ｺﾞ	ゴ	
on	ｻﾞ	ザ	
on	ｼﾞ	ジ	
on	ｽﾞ	ズ	
on	ｾﾞ	ゼ	
on	ｿﾞ	ゾ	
on	ﾀﾞ	ダ	
on	ﾁﾞ	ヂ	
on	ﾂﾞ	ヅ	
on	ﾃﾞ	デ	
on	ﾄﾞ	ド	
on	ﾊﾞ	バ	
on	ﾋﾞ	ビ	
on	ﾌﾞ	ブ	
on	ﾍﾞ	ベ	
on	ﾎﾞ	ボ	
on	ﾊﾟ	パ	
on	ﾋﾟ	ピ	
on	ﾌﾟ	プ	
on	ﾍﾟ	ペ	
on	ﾎﾟ	ポ	
on	ｱ	ア	
on	ｲ	イ	
on	ｳ	ウ	
on	ｴ	エ	
on	ｵ	オ	
on	ｶ	カ	
on	ｷ	キ	
on	ｸ	ク	
on	ｹ	ケ	
on	ｺ	コ	
on	ｻ	サ	
on	ｼ	シ	
on	ｽ	ス	
on	ｾ	セ	
on	ｿ	ソ	
on	ﾀ	タ	
on	ﾁ	チ	
on	ﾂ	ツ	
on	ﾃ	テ	
on	ﾄ	ト	
on	ﾅ	ナ	
on	ﾆ	ニ	
on	ﾇ	ヌ	
on	ﾈ	ネ	
on	ﾉ	ノ	
on	ﾊ	ハ	
on	ﾋ	ヒ	
on	ﾌ	フ	
on	ﾍ	ヘ	
on	ﾎ	ホ	
on	ﾏ	マ	
on	ﾐ	ミ	
on	ﾑ	ム	
on	ﾒ	メ	
on	ﾓ	モ	
on	ﾔ	ヤ	
on	ﾕ	ユ	
on	ﾖ	ヨ	
on	ﾗ	ラ	
on	ﾘ	リ	
on	ﾙ	ル	
on	ﾚ	レ	
on	ﾛ	ロ	
on	ﾜ	ワ	
on	ｦ	ヲ	
on	ﾝ	ン	
on	ｯ	ッ	
on	ｧ	ァ	
on	ｨ	ィ	
on	ｩ	ゥ	
on	ｪ	ェ	
on	ｫ	ォ	
on	ｬ	ャ	
on	ｭ	ュ	
on	ｮ	ョ	
on	ｰ	ー	
on	｢	「	
on	｣	」	
on	➡	→	
on	．．．	…	
on	[.]{3}	…	
on	\[外:FCDB30A244FB6AAD5255EE2D32FDF7FC\]	一	处理外字
on	\[外:559FC240F4EFE5A1E64714CE09217A3E\]	一	
on	\[外:D5F99403FA97B5C8B270D61D4BEF3E51\]	一	
on	\[外:7A18F98C2B901D5BC609A9076102D2C0\]	一	
on	\[外:D50802FC331261FEED1A140F3B70C4B3\]	口	
on	\[外:914FA35485D5016ADC8B799B0CB5E978\]	口	
on	\[外:E1CE03321FDB4EACA026A49A43E521A5\]	元	
on	\[外:C01D2BAFCE469DA1ABBB612FDB16C1E3\]	元	
on	\[外:E1D7B1C821B9A2B168EDA37CE69B0E03\]	元	
on	\[外:0CFA6C95283A90EFF3733DB1AC80F58A\]	元	
on	\[外:265EFC2A174C73EA229F9FFEFA703F32\]	高	
on	\[外:84EBFD8F786E0D3E96FE81753D15C262\]	高	
on	\[外:5A7AF09CCE6B3005355E1C6C82DF8858\]	高	
on	\[外:00B059714E72C255F507A841F8AA3C7B\]	高	
on	\[外:976C7F8DBA1BCEAA24152A3FA84CCED4\]	高	
on	\[外:08C5EB5FAC4F1D362B946689EB2E4EDF\]	吉	
on	\[外:DB93EC80530879CC41479CEA0DB9C60A\]	吉	
on	\[外:A0A037D6E060564D9607217068CA3C90\]	吉	
on	\[外:E96A39A050B694E5F8AADB111420B698\]	吉	
on	\[外:1D7D1092915368BE0676FDFD3CA6B3CD\]	吉	
on	\[外:20CEE0565243800A66D32E75D89C232A\]	旧	
on	\[外:1D2EAFA6BE36DC6152CB1917CD2AC486\]	氏	
on	\[外:C8D8E25AA45DC7CA55A17E76DF54E321\]	英	
on	\[外:CD2EADBB87D0AADF1D1CD71FED0AB02F\]	徳	
on	\[外:A9EE52EAA5B4CC32D1891D540BFE93CC\]	塚	
on	\[外:E9A3B055BDA7B9AE70BDE4003A4C5885\]	崎	
on	\[外:3AFA5A6313E622F04DDBEFD41E5EF635\]	詡	
on	\[外:93E95C1F8719C416E165DAAC79B82EFF\]	詡	
on	\[外:DA3AB2D5DA4D69C7D312C7D819E45856\]	彅	
on	\[外:E8CAA78518E2D690AF54E2206C9538F8\]	彅	
on	\[外:F4B24B3FA4D2EACDFB693185EC8D0A39\]	鄧	
on	\[外:5D023B58CE0BB6F15C4B41D6E6A61FF9\]	吴	
on	\[外:23E6EF0ECC7BBE8E9465B0B40E901C0D\]	厓	
on	\[外:5426E75DDE1945F90FD30943B63BCDAB\]	芾	
on	\[外:C09DD3D9160DC4BE23499DF2275111A1\]	鷗	
on	\[外:D8BBD8C7FF5178FB20C681BDE1DED872\]	迦	
on	\[外:8EFC3EA68C47D84DEDB436AB7FE32863\]	揄	
on	\[外:04F6B8B8407EB8DC383AB70CFA9686BD\]	箪	
on	\[外:93A7E75578C3306D84F11508F5988B15\]	誨	
on	\[外:D4C52086FFA2CAEBDC6F70224DE4A02C\]	㐂	
on	\[外:E7158075F2976C353E4CF9247AAE3ABC\]	遁	
on	\[外:574D59DF587475DCD9F655B0A8CB928A\]	摠	
on	\[外:C1F701C7F213F24D3D57246505133682\]	隙	
on	\[外:794063F0D4A0FD2F277B1208511D8ED4\]	殛	
on	\[外:1BB7F91D4AA867F9DFFD665BB099BD50\]	昂	
on	\[外:75848150D93621544105C8D40F6BBAB4\]	蜾	
on	\[外:550BF954A97F97F5FE4CF76F41A126F1\]	鏢	
on	\[外:FD6C80130CD144B31FF12E44B63B11E8\]	蠃	
on	\[外:5F2D1872B40E92B6C75ECC226ACAADC0\]	衞	
on	\[外:9AB85434C63B51AF09105280B1F4E123\]	元	
on	\[外:DB7A10E4B4285EDBAE87717F9F85E669\]	葛	
on	\[外:EC3FD045487847E2852465FA340203BA\]	翔	
on	\[外:281FC5F4077EA6427747561BC6C60EFA\]	葛	
on	\[外:D90AAE9A752E9B61662A9CAFA837961F\]	祓	
on	\[外:4185F93A5571E49433CA9C13AE588F96\]	魎	
on	\[外:6B696A5AE7634C454AAA7DD833FDFAF9\]	眷	
on	\[外:9AB74D6E8BDA8723614017A7FCE587FE\]	魎	
on	\[外:1CACC12D49338118D2E1CCB28C8A3845\]	辻	
on	\[外:117BACAEB67E3508D23A650B98F3C143\]	辻	
on	\[外:00C27CCF8F1D5DFCFB86D92BEBBC971E\]	﨑	
on	\[外:9DE59DBB284E84D905F4977F930C000C\]	靈	
on	\[外:7C795313C774D59B30743F0E620C7C15\]	氏	
on	\[外:5E413F02B285B6DAD5302D3542915DBE\]	同	
on	\[外:A57D3F7684C28D2A901FE6020145DE32\]	彅	
on	\[外:D6BC0D9A7956D530DF6663383A0EC747\]	魎	
on	\[外:835D78967C04D0F60F02EAFD9D328EF3\]	前	
on	\[外:F6AB340C8684E368BE8D525406037ED3\]	唼	
on	\[外:5437443D28D8CEB3C2D29824E1874C07\]	闐	
on	\[外:9885C9B4FF7480A876602DF928915D51\]	蔾	
on	\[外:B6FDC864F64D407650A3859E1872EFF0\]	蔾	
on	\[外:2B385C2642704E44347F2F4DB147C8FA\]	葛	
on	\[外:E4A837FE20DFA091E03AFE4857E2482E\]	剥	
on	\[外:78D17E6F591166FCE48A225DE0FB4165\]	膅	
on	\[外:4AD978C71F81F9B3F269430A4BF3A284\]	逢	
on	\[外:F022CFE594D6F6930D7A5B994E1A0B71\]	凜	
on	\[外:0FFB731DB8D4A6B711F97BBB08ED8819\]	蜻	
on	\[外:32324012ED7274A15002B66ED1E464F8\]	蜻	
on	\[外:A57A22CF136481D05D9F9BF2C7D5D71E\]	驒	
on	\[外:ACE27CD455560BF4A630BF08B42EDEB8\]	槌	
on	\[外:68076F26615A8F170417C135BA6D62A1\]	顚	
on	\[外:AC06B16C38521E56889095A90814808E\]	蓮	
on	\[外:3234FE7D22FAD5175988D968D0289B7B\]	櫛	
on	\[外:14570E668968A6BB47AAEC60CBA09399\]	祇	
on	\[外:4C84BD1AF930BE3E0FDC14944B01867D\]	祇	
on	\[外:243BEED1935E8DE5AF81330DB04280EF\]	祀	
on	\[外:4D7D276F23C92F94056B292E295EBD78\]	神	
on	\[外:79D155BD22F29EF23A94226F60345D88\]	蝋	
on	\[外:918E84ED41C2157AA5F5BBF9AA60514C\]	填	
on	\[外:86622C51D2512C588011510FB9FF8D97\]	楢	
on	\[外:A00182F1DE36AAEE28CAC80A3C89D067\]	塚	
on	\[外:3E14110047AE00BF01218A7AB9B9F1DA\]	迦	
on	\[外:41637D181CD99088E2120A4EC6FC18AA\]	嬴	
on	\[外:F4E1D8B42E3C49EA7C896049186D74BD\]	蟜	
on	\[外:1EB786FCD56A3E4F7813FFEBEDB3AB0C\]	涜	
on	\[外:A1779A3AAF215916FD0D8FBBB5BF5925\]	蝉	
on	\[外:CB17DF533B4EBD698A038DEFEDDECF8A\]	崎	
on	\[外:F5C6E02E235ABD23A87F48ED6A64CDCC\]	﨑	
on	\[外:90FA5A71875E1E0D52A623465A7043AB\]	﨑	
on	\[外:D67AB79FC2F81D7FABF69485FA768574\]	桒	
on	\[外:38EA1E16D5CE076FF033A8BE30209A0C\]	尹	
on	\[外:47F108FE4AF14204C39F426BE462826E\]	尹	
on	\[外:419C298CF378EDD0F3636E9CDD6EABFF\]	英	
on	\[外:74661E7235E62C7D71C046C51853D14D\]	徳	
on	\[外:B6308282489AE2D3199CC88000A25BBF\]	葛	
on	\[外:ACA7073DE23E93148CB06174DFE4536A\]	髙	
on	\[外:C9ECCF76441032AC382767F502507863\]	升	
on	\[外:A83E7E1775160366332467846FF0E566\]	噌	
on	\[外:4C9A081223EB20832CEB919A1CB8D168\]	丸秘	
on	\[外:4B9C2DA783FB28CE5B186DCDBBADCFC4\]	彅	
on	\[外:43856FD7C04A779E571FE24C47F02A6C\]	髙	
on	\[外:75B46E77164F440355DE731760E0864C\]	鯖	
on	\[外:4D7AE77F2BBF9C8AF03D49D466F74058\]	煖	
on	\[外:E969831BB40030418FF7C538A7B26B3F\]	惠	
on	\[外:F18DDDD7977D057F2560AB0EE74B07C4\]	瀆	
on	\[外:9324C170A2A3DBAFA929EF4202D97D9B\]	イ	
on	\[外:9D21BE5957DFEDE0829C8F3E14BDA386\]	ベ	
on	\[外:5C656052D676AA686E0BE03D0210B36C\]	ム	
on	\[外:E2C43B3DBAACEC15D4121D85A34EBB94\]	シ	
on	\[外:98AB18764756C8CA7608E17F562B21CE\]	ヘヘ	
on	\[外:14B18199BBC3F4BF65B72E316BC41D3C\]	！	
on	\[外:7F12B67CAAF7C8C5075B444BB2A16C70\]	！	
on	\[外:7641D414614B31FAB027C88414E17DFD\]	！	
on	\[外:C7838822EC535AAAF4B91FA2B480372E\]	！	
on	\[外:B7EEF1A9DA190618ED8D787EDA003E75\]	！	
on	\[外:E548D239A91E5358789B461D9EEC718B\]	！！	
on	\[外:1F271CBAEF257B0AFD9D70DD85F57031\]	！！	
on	\[外:FAE908A9F08EA19E0B42C37DB6294408\]	！！	
on	\[外:737A19289D25D963E255F3692DED6536\]	？！	
on	\[外:1D236D3EF5FA302F6861E5CC93BC7894\]	？！	
on	\[外:6CE68B7E389C5169309EE956ED0C98A8\]	？！	
on	\[外:E3FFD0D445BCF105F3FFE2577CE8B6F9\]	？！	
on	\[外:3037AAD230D8CDAE3DF6E0EBEDC0DB79\]	！？	
on	\[外:40A1BF50A2F070B03F8AEA731B9AA6BC\]	！？	
on	\[外:12A94BDBCF0BA84461075AC200AAA3A9\]	！？	
on	\[外:BD42682455D7919AF20522D032ADC49F\]	…	
on	\[外:20AC42FCD0781F92B10E2F6679FB8EE8\]	…	
on	\[外:F12276A98FF852397BF2A4857EC406FB\]	…	
on	\[外:4A61F6F7DA9E6C8E373F4112CBD453CF\]	~	
on	\[外:882DED8F0BB4CDFA4CE28A0B64056D2A\]	~	
on	\[外:7726FFBF3A6E953AFFE6353C24FFB085\]	~	
on	\[外:725576CD7AC022E60A7CA92B5FF38414\]	~	
on	\[外:BFD55F4031AD80CB7401D65937B1D5D9\]	~	
on	\[外:2C5B6BD7ABB97CC63993B5CCC78E81B3\]	~	
on	\[外:0E3A79EBF718E03B19CFA851BC4EECDF\]	A	
on	\[外:3439EDD634EE82C577FE22DC90A4376F\]	L	
on	\[外:874D052AFE768E004E79A8521EF142F8\]	L	
on	\[外:82DFC560F35E3E4AFB2E2C2CB58A0C71\]	L	
on	\[外:8379A5065A289501F90E823ACA83B296\]	X	
on	\[外:92094B227D1921BC40F3D75C78DB6E52\]	ö	
on	\[外:E36BE8DD721ECBABC06FD837E434E78C\]	Ō	
on	\[外:3A1F7EF64F73DF8C55381DBECC46F20E\]	Ø	
on	\[外:C0BD423EBBBA7A79F314B6F9E5CE7A20\]	㎡	
on	\[外:9D1A36A1BEC1CD2B0B0765F93C1E4F3C\]	ｋ㎡	
on	\[外:22AF1D925CF5C6814452EEC25FABEFF6\]	１	
on	\[外:31AAAD4EB3F04D15AE6D0CDC2F2CAC6D\]	２	
on	\[外:46AD0070C34DD9CB6ABF664DDE299F5A\]	２	
on	\[外:3B9D3745FF68875EEEA7497DDF7D1834\]	３	
on	\[外:F4AD01ADA3F037E9A0947B73596DA705\]	１／２	
on	\[外:51F5FE58AAF460263B766E990FDBE979\]	１／５	
on	\[外:3C2CD2093BCF8C379A54CB2FD35CD332\]	１／８	
on	\[外:9D81F46E134081D56BC92F69EEBFABD9\]	１／１０	
on	\[外:A596D307F72A403C5B84BEB12F11BF2D\]	１／１６	
on	\[外:0D7AE8B6F2F7230C7C80044F54A15A63\]	１／１６	
on	\[外:F00BE20CAF0AAEF3A6FBEC90A0E71852\]	Ⅰ	
on	\[外:9472B3369ADFC90D895CB65EAB44A2E5\]	Ⅰ	
on	\[外:E660E1E23A6DDC9A5D2E0E1EF7AC5B86\]	Ⅱ	
on	\[外:0E761EBB18B9870383725B3712F5C8D4\]	Ⅱ	
on	\[外:A62583F621FB5405ADD08E8F0BEB6DB4\]	Ⅱ	
on	\[外:925B6E6F86991F91E8D394236206497C\]	Ⅱ	
on	\[外:5C13FACF2DA9F38922A9419061771ED0\]	Ⅱ	
on	\[外:B0B76EBB65415E054294E57C3D14BED7\]	Ⅱ	
on	\[外:F1ADD7809E18E064E4609783211C9815\]	Ⅲ	
on	\[外:7395082B43A4AE6E6F8B351C71FA9B56\]	Ⅲ	
on	\[外:C117DEE28C3A70DD6FC1C5B8C7301559\]	Ⅳ	
on	\[外:7E4CC3771BCDBD60620891B5631D485A\]	Ⅳ	
on	\[外:B79EE5423E20183635F0D8BAEB5BB3E1\]	Ⅴ	
on	\[外:8777DE102D7BC309673AEE945A83FD65\]	♥	
on	\[外:3BCE2A06A6A8557082543A6C90A42FE0\]	↘	
on	\[外:063C95566807D5E7B51AB706426BEDF9\]		
on	\[外:06CB56043B9C4006BCFBE07CC831FEAF\]		
on	\[外:109EE50300E629E0D1373FB24DEA1AEA\]		
on	\[外:12A2C7156DA32FC972B5A451BB87B813\]		
on	\[外:12AECDEA283E4D07F88B9F2B740E4F86\]		
on	\[外:1A0D5448F0C7AD3592867EF1822625D0\]		
on	\[外:1A563501AFFBF7F5BAEC350A108D5505\]		
on	\[外:2A063EDC4770B3403F060B38166A0D4D\]		
on	\[外:36386EB0F8C7EB8E82F9B2F422E4917B\]	塚	
on	\[外:37F6ECF37A0A3EF8DFF083CCC8754F81\]		
on	\[外:38566B372F4C5A1AEAD4EFA20DECD079\]		
on	\[外:3D1BD145819ECE4A33807CE3A4B1EFAA\]		
on	\[外:44CBC7DC0AF84F6AB857F00A9BC2560A\]		
on	\[外:516A7B4EB9DE2841903301997E881E9D\]		
on	\[外:55D14F05AF4C537D3C1317E2EC0D77C8\]	葛	
on	\[外:583134B86E7D90960F64C5B863196978\]		
on	\[外:68FC649B4A57A6103A25DC678FCEC9F4\]		
on	\[外:6CF3E1641C4AE73E5C66BB341E627A08\]		
on	\[外:6FD7DBAC9AD5D605768457F173A1CBD1\]		
on	\[外:7160F7419CBA7ACDACD23CBEB4834DBE\]		
on	\[外:762CBC6B6F0F7132973C0F6CEB4141C6\]		
on	\[外:7B80A8345C16E2D4F8FF2691E245C2B1\]	『	
on	\[外:7CAF343B9E56DC14B775080F944E21FD\]		
on	\[外:804A5BCDCBF1BA977C92D3D58A1CDFE1\]		
on	\[外:8E5B873AC8E1BF84246B281B3548C2FF\]		
on	\[外:8F61C04D1A9FE507C959008A3431BDFD\]		
on	\[外:9FFA7E00CFC7E807A161ADA460B8060C\]		
on	\[外:AD63C1574C1F4B556B157A0D5FD855FF\]		
on	\[外:B252B517398384B37E239F13361FB2FF\]	溢	
on	\[外:BBDA644D17EFD3C020635EE3D90968A5\]		
on	\[外:C01D2BAFCE469DA1ABBB612FDB16C1E3\]	元	
on	\[外:C08E27670940B3A3DC8122586E144B44\]		
on	\[外:CEC28F694BFDE60E23BDF27839D869A4\]		
on	\[外:E214599903C94C532684BDF54B62DF61\]		
on	\[外:E67210B0DA0161D36B79E8C9BE6A9D0C\]		
on	\[外:E806D1481CFA721DA5F60413531F39BD\]		
on	\[外:F2B927267947A75B891403F95DB72005\]	』	
on	\[外:A78D9B65F46654601CE0145622164B47\]		
on	\[外:6EB29F1917CAEA1CADF94F5496A4C374\]		
on	\[外:8C043D0EBAA21B793B75F6FD22795830\]	鯖	
on	\[外:2F2BC70E113DDB6E177A8E4FDAAFFFE0\]	塚	
on	\[外:68A9111D99B88E7958EAFD05765E1BDE\]	塚	
on	\[外:A1ACA3019ACEBE43380AC4F1033B2A8D\]	﨑	
on	\[外:FBFED0342F6B7D335E697E9EB5811745\]	﨑	
on	\[外:CCB96A769F9CD55EBDF67B5C03495C0E\]	﨑	
on	\[外:F7A3B72FDDEE0AF3248DB4014D8B90FA\]	剥	
on	\[外:F3063824C71604AE301C3BC55BC4F823\]	你	
on	\[外:5495597B061A6CC25C71B82FD34C5AB0\]	迦	
on	\[外:B7D4E12F029861A5AFFF4EF29BE356D6\]	噌	
on	\[外:6ABFBBC7103C0A679F166A1740D64C47\]	髙	
on	\[外:1925F968744903672D336B126D95BD5D\]	餌	
on	\[外:343223C93B012921E97B5C7E6FF35A7D\]	餅	
on	\[外:85E07D7D4BFAB9B8510B2DE78BC699DA\]	榊	
on	\[外:E65CFE6B252C3348C770236568FC3815\]	飴	
on	\[外:B9DD9154B8943C19127048F259CA6427\]	Ⅴ	
on	\[外:35A39E3306B02F92FBADEBB3061D0877\]	ú	
on	\[外:5C31E7978A711D0CA0469B294CB47CA6\]		
on	\[外:6D5AA3FF99A144BD5138562787F58590\]		
on	\[外:170193C22E22A88904C34F3EC7129DDB\]		
on	\[外:94FB7BE756372DB6B62E3E0A119083D5\]		
on	\[外:6F03A512FAAD6B4DC4B66DA4818CF6EB\]		
on	\[外:2EFC3F9CB8EA7F1AF59B0E3919EBAAA9\]		
on	\[外:9617401C0CB4756522ABC9B166EE45F2\]		
on	\[外:84B17C352C5A459201C405A3526F391D\]		
on	\[外:6F15F7D4ADD814229942D280A8ACAE40\]		
on	\[外:D1221C2407809C6E9BEFF65E4F223393\]		
on	\[外:C42450812C184AEE2AE01CC5E39AE957\]		
on	\[外:7DC0D809ECC26D3CC1817906D10A988B\]		
on	\[外:929CA2E2768BEDD4A812916925F1266B\]		
on	\[外:7542BC0875D546542D2435DAA99821BB\]		
on	\[外:27A3AEE4D6CEC8CE9512340E71ED3BDA\]		
on	\[外:3830A0E0148CFB20309ED54D89472156\]		
on	\[外:DF055DDBBDBB84D22900081137C070B0\]		
on	\[外:D4B63292C68985B2A4847F8F31A67078\]		
on	\[外:D9B5D861024CE112C12FA5F155BB1AF3\]		
on	\[外:.+?\]		删除残留外字
on	(しか|(\s)朝|(\s)実際|(\s)多数|(\s)最近|(\s)いずれ|(\s)もう|(\s)ほとんど|(\s)結局|(\s)いつか|(\s)いちばん|(\s)一番|(\s)けっこう|(\s)結構|必ず|(\s)なぜ|(\s)ぜったい|(\s)絶対|(\s)いったい|(\s)一体|(\s)いっぱい|(\s)一杯|(\s)一切|(\s)全部|(\s)随分|(\s)ずいぶん|(\s)少し|(\s)やはり|(\s)昨夜) 	\1	删除指定词后空格
on	(^Dialogue:.+0,,)(.+)[。？！](.+)	\1\2\n\1\3	按照标点符号换行
on	(\s)[＜]|[＞](\\N)	\1	删除指定标点
on	《|》|≪|≫|〔|〕|\(\(|\)\)|\\N|！|⸺|〈|〉		
on	[\?!？！。](\s|\n|\\N|→)|・(\s)|(\s)・	\1\2	
on	(.)(… ?)(.)(?!\1)	\1 \3	省略号处理
on	だっ 大丈夫	だ… 大丈夫	
on	べっ 別に	べ… 別に	
on	ちっ 違	ち… 違	
on	まっ 待	ま… 待	
on	(.)(っ\s)(\1)(.*)	\1… \3\4	
on	( ([ぁ-んァ-ン]) (\2))	\2… \2	
on	…$		
on	（[^）\)]+?）|\([^）\)]+?\)		删除括号内容
on	00,,.+[：:]	00,,	删除说话人等
on	^Dialogue: 0,[0-9].+\..+,[0-9].+\..+,.+0,,(.*)$	\1	删除ass标签
on	(\s)(フ|ウ)[フ]*(\s)	\1\3	删除拟声/语气词
on	(\s)(あ|は)[はっ]*(\s)	\1\3	
on	(\s)(ア|ハ)[ハッ]*(\s)	\1\3	
on	(\s)(ドーン|ハァ|フム|フン|ピュン){1,2}(\s)	\1\3	
on	(\s)(う|がは|く|ぐ|ぐは|ぐわ|でや|だ|な|ひ|ふ|ぷは|む|よ|ん)[っ]?(\s)	\1\3	
on	(\s)(ウ|フ|ヌ|ハ|ピ|ゲホ|ン){1,4}[ッ]?(\s)	\1\3	
on	(\s)(あ|うわ|きゃ|わ|は|ん){1,2}[ぁっ～ー]+(\s)	\1\3	
on	(\s)(う){1,2}[ぅっ～ー]+(\s)	\1\3	
on	(\s)(う|え|へ){1,2}[ぇっ～ー]+(\s)	\1\3	
on	(\s)(お|うお){1,2}[ぉっ～ー]+(\s)	\1\3	
on	(\s)(ア|ウワ|ザ|ハ|プハ|ワ|ビシュ|オギャ){1,2}[ァッ～ー]+(\s)	\1\3	
on	(\s)(ヒィ){1,2}[ィッ～ー]+(\s)	\1\3	
on	(\s)(ウ|ガウ){1,2}[ゥッ～ー]+(\s)	\1\3	
on	(\s)(ケ|クェ){1,2}[ェッ～ー]+(\s)	\1\3	
on	([バあおよはつもゆまろ怖せ])～([すカいしのかてくれだん])(?!～)|(?<=な)～あ～(?=に)|(?<=う)～(?=っす)|(?<=すご)～(?=い)|(?<=な)～(?=に)	\1ー\2	波浪线处理
on	(\s)も～(\s)	\1もう\2	
on	(\s)ま～(\s)	\1まあ\2	
on	～		
on	([あよも])ー([だん])	\1～\2	
on	“	「	引号替换
on	”	」	
on	［	「	
on	］	」	
on	 」	」	
on	[\s]*\n[\s\n]*	\n	换行处理
on	^[\s]*		
on	→\n	 	
on	[ 　]+	 	
on	^[ 　]+		
on	「([^」]*?)\n([^」]*?)」	「\1\2」	
on	『([^』]*?)\n([^』]*?)』	『\1\2』	
on	 	　	应用全角空格
on	([ａ-ｚＡ-Ｚ０-９][ａ-ｚＡ-Ｚ０-９’，．＋－×÷＆／％　]{2,})	toHalfWidth	3位以上全角英数处理
on	([ａ-ｚＡ-Ｚ０-９％]{2,2})	toHalfWidth	2位全角英数处理
on	([0-9])\,([0-9]{3,3})	\1\2	删除4位数字的分割符
on	(([うくぐすつぬぶむるた])事(\s|[ぁ-ん]|$))	\2こと\3	处理事→こと
on	^何$	なに	处理单独何
on	^何何$	なになに	
on	([えねめせてれけげぜでべぺベ])ぇ	\1え	处理小字
on	([あなまさたらかがざだばぱ])ぁ	\1あ	
on	([うくぐすつのぬぶむる])ぅ$	\1	
on	たしかに	確かに	处理表外汉字等
on	(?<!あ)あした	明日	
on	わいせつ	猥褻	
on	卑わい	卑猥	
on	わい談	猥談	
on	隠ぺい	隠蔽	
on	皮ふ	皮膚	
on	復しゅう	復讐	
on	邪けん	邪険	
on	けん制	牽制	
on	急きょ	急遽	
on	軟こう	軟膏	
on	せん越	僭越	
on	教べん	教鞭	
on	敏しょう	敏捷	
on	ねつ造	捏造	
on	せん滅	殲滅	
on	けん属	眷属	
on	投てき	投擲	
on	垂ぜん	垂涎	
on	殺りく	殺戮	
on	飢きん	飢饉	
on	まん延	蔓延	
on	執よう	執拗	
on	ひん死	瀕死	
on	もうろう	朦朧	
on	金ぱく	金箔	
on	強じん	強靭	
on	欺まん	欺瞞	
on	安ねい	安寧	
on	標ぼう	標榜	
on	ろうぜき	狼藉	
on	朝げ	朝餉	
on	夕げ	夕餉	
on	ひきょう	卑怯	
on	しょく罪	贖罪	
on	ふらち	不埒	
on	終えん	終焉	
on	ちょう愛	寵愛	
on	敬けん	敬虔	
on	きゅう弾	糾弾	
on	えん罪	冤罪	
on	怒とう	怒涛	
on	てん足	纏足	
on	範ちゅう	範疇	
on	清そ	清楚	
on	ごう音	轟音	
on	くん製	燻製	
on	ろう屋	牢屋	
on	冒とく	冒涜	
on	塩こしょう	塩胡椒	
on	混とん	混沌	
on	流ちょう	流暢	
on	すう勢	趨勢	
on	けんでん	喧伝	
on	けん騒	喧騒	
on	さん奪	簒奪	
on	秘けつ	秘訣	
on	しぜん	自然	
on	こつ然	忽然	
on	ぎょうこう	僥倖	
on	刺しゅう	刺繍	
on	覆てつ	覆轍	
on	分べん	分娩	
on	伝ぱ	伝播	
on	反すう	反芻	
on	さん然	燦然	
on	よう兵	傭兵	
on	へ理屈	屁理屈	
on	演えき	演繹	
on	ぼ印	拇印	
on	さく裂	炸裂	
on	もん絶(?!対)	悶絶	
on	こん棒	棍棒	
on	手りゅう弾	手榴弾	
on	画びょう	画鋲	
on	漏えい	漏洩	
on	ろ過	濾過	
on	かん言	諫言	
on	登はん	登攀	
on	けん怠	倦怠	
on	抜てき	抜擢	
on	改ざん	改竄	
on	かっ歩	闊歩	
on	信ぴょう	信憑	
on	じょう舌	饒舌	
on	永ごう	永劫	
on	めい想	瞑想	
on	かっちゅう	甲冑	
on	もう昧	蒙昧	
on	困ぱい	困憊	
on	対じ	対峙	
on	脳しょう	脳漿	
on	界わい	界隈	
on	愛きょう	愛嬌	
on	はいかい	徘徊	
on	とう汰	淘汰	
on	べつに	別に	
